{
	"parent": "item/handheld",
	"textures": {
		"layer0": "item/light_blue_dye"
	},
	
	"overrides": [
		{"predicate": {"custom_model_data":1000}, "model": "item/strength"},
		{"predicate": {"custom_model_data":1001}, "model": "item/invis"},
		{"predicate": {"custom_model_data":1002}, "model": "item/haste"},
		{"predicate": {"custom_model_data":1003}, "model": "item/heart"},
		{"predicate": {"custom_model_data":1004}, "model": "item/regen"},
		{"predicate": {"custom_model_data":1005}, "model": "item/thunder"},
		{"predicate": {"custom_model_data":1006}, "model": "item/frost"},
		{"predicate": {"custom_model_data":1097}, "model": "item/featherr"},
		{"predicate": {"custom_model_data":2000}, "model": "item/speed"},
		{"predicate": {"custom_model_data":2001}, "model": "item/fire"},
		{"predicate": {"custom_model_data":2002}, "model": "item/ocean"},
		{"predicate": {"custom_model_data":2072}, "model": "item/emeraldd"}

	]
}